4.676509999999999834e-01,3.215839999999999810e-01,7.688800000000000079e-01,2.466299999999999881e-01,8.387989999999999613e-01,9.973700000000000621e-02,2.983399999999999941e-01
4.964120000000000199e-01,2.204909999999999926e-01,7.760320000000000551e-01,3.165979999999999905e-01,9.199730000000000407e-01,8.914500000000000202e-02,2.794789999999999774e-01
5.191329999999999556e-01,4.044639999999999902e-01,7.680120000000000280e-01,3.349779999999999980e-01,8.016219999999999457e-01,9.236900000000000666e-02,2.712379999999999791e-01
1.996499999999999941e-01,5.473729999999999984e-01,3.742840000000000056e-01,3.622230000000000172e-01,8.170169999999999932e-01,0.000000000000000000e+00,1.779129999999999878e-01
8.472610000000000419e-01,2.863609999999999767e-01,0.000000000000000000e+00,2.177920000000000134e-01,0.000000000000000000e+00,1.913499999999999923e-02,1.000000000000000000e+00
4.266019999999999812e-01,3.086030000000000162e-01,6.243530000000000468e-01,3.407910000000000106e-01,8.638099999999999667e-01,8.858199999999999408e-02,2.979479999999999906e-01
4.459620000000000251e-01,4.637180000000000191e-01,8.003470000000000306e-01,1.062250000000000000e-01,7.271840000000000526e-01,9.332999999999999283e-03,3.112530000000000019e-01
4.866380000000000150e-01,3.850959999999999939e-01,6.247709999999999653e-01,2.948430000000000217e-01,7.865849999999999786e-01,8.583300000000000651e-02,3.264929999999999777e-01
3.626550000000000051e-01,5.352670000000000483e-01,0.000000000000000000e+00,7.052460000000000395e-01,6.959530000000000438e-01,1.237000000000000079e-02,3.189859999999999918e-01
5.620749999999999913e-01,4.098060000000000036e-01,8.640210000000000390e-01,3.035510000000000153e-01,7.804860000000000131e-01,8.643900000000000194e-02,2.750850000000000239e-01
4.938600000000000212e-01,4.277779999999999916e-01,7.891740000000000421e-01,3.584140000000000104e-01,7.992500000000000160e-01,7.037000000000000199e-02,2.504939999999999944e-01
4.023939999999999739e-01,2.083049999999999902e-01,7.100199999999999845e-01,2.566410000000000080e-01,9.159530000000000172e-01,9.608700000000000574e-02,3.056200000000000028e-01
6.167059999999999764e-01,4.178459999999999952e-01,8.368809999999999860e-01,1.507689999999999864e-01,6.462609999999999744e-01,2.047200000000000061e-02,4.203040000000000109e-01
6.236779999999999546e-01,5.637879999999999558e-01,8.357360000000000344e-01,8.776399999999999479e-02,5.727729999999999766e-01,1.734399999999999831e-02,3.877840000000000176e-01
5.350150000000000183e-01,3.974889999999999812e-01,7.631130000000000413e-01,4.409399999999999986e-01,8.042709999999999582e-01,9.414699999999999458e-02,2.684309999999999752e-01
5.294790000000000330e-01,4.546859999999999791e-01,7.691559999999999508e-01,4.255439999999999778e-01,7.935050000000000159e-01,9.721100000000000574e-02,2.325299999999999867e-01
4.215309999999999890e-01,6.500930000000000319e-01,0.000000000000000000e+00,5.066699999999999537e-01,6.520829999999999682e-01,0.000000000000000000e+00,2.739400000000000168e-01
4.303810000000000136e-01,3.028460000000000041e-01,7.298799999999999732e-01,3.558749999999999969e-01,8.958080000000000487e-01,1.041760000000000047e-01,2.489619999999999889e-01
4.296710000000000251e-01,3.935100000000000264e-01,0.000000000000000000e+00,4.348549999999999915e-01,6.057740000000000347e-01,7.289900000000000546e-02,5.230390000000000317e-01
4.830349999999999921e-01,3.536940000000000084e-01,6.510709999999999553e-01,3.395369999999999777e-01,8.265169999999999462e-01,9.362099999999999589e-02,3.011369999999999880e-01
5.858269999999999866e-01,3.848369999999999846e-01,8.084080000000000155e-01,1.742630000000000012e-01,6.916660000000000030e-01,2.985200000000000006e-02,4.028149999999999786e-01
5.842549999999999688e-01,1.023489999999999955e-01,0.000000000000000000e+00,4.764059999999999961e-01,5.601519999999999833e-01,1.269780000000000075e-01,7.077160000000000117e-01
5.726740000000000164e-01,3.659640000000000115e-01,8.290699999999999736e-01,2.466559999999999864e-01,7.759000000000000341e-01,1.006439999999999974e-01,3.227700000000000014e-01
4.914060000000000095e-01,4.304899999999999838e-01,8.059460000000000512e-01,2.683329999999999882e-01,7.939410000000000078e-01,8.903999999999999415e-02,2.551140000000000074e-01
5.992490000000000316e-01,3.541259999999999963e-01,3.572299999999999920e-01,5.659800000000000386e-01,7.533769999999999634e-01,1.196249999999999952e-01,3.907959999999999767e-01
4.193830000000000058e-01,3.926259999999999750e-01,7.644959999999999534e-01,3.496699999999999808e-01,8.462749999999999995e-01,5.904999999999999832e-02,2.296759999999999913e-01
4.876539999999999764e-01,3.336770000000000014e-01,7.756960000000000521e-01,4.808200000000000252e-01,8.782109999999999639e-01,1.078660000000000035e-01,2.285850000000000104e-01
3.858639999999999848e-01,6.100389999999999979e-01,0.000000000000000000e+00,4.989859999999999851e-01,6.872369999999999868e-01,0.000000000000000000e+00,2.707729999999999859e-01
4.863419999999999965e-01,4.028249999999999886e-01,7.795130000000000114e-01,3.549459999999999837e-01,8.272699999999999498e-01,8.747699999999999920e-02,2.397690000000000099e-01
4.995649999999999813e-01,4.239930000000000088e-01,7.786260000000000403e-01,3.138079999999999758e-01,7.953489999999999727e-01,8.762499999999999456e-02,2.617900000000000227e-01
4.519949999999999801e-01,3.339980000000000171e-01,7.815760000000000485e-01,4.012709999999999888e-01,8.825539999999999496e-01,1.012330000000000035e-01,2.276930000000000065e-01
5.833249999999999824e-01,4.378529999999999922e-01,7.411429999999999962e-01,3.764129999999999976e-01,7.298360000000000403e-01,8.815199999999999425e-02,3.263150000000000217e-01
0.000000000000000000e+00,1.000000000000000000e+00,0.000000000000000000e+00,1.040499999999999932e-02,5.312409999999999632e-01,0.000000000000000000e+00,8.503199999999999648e-02
5.440960000000000241e-01,4.517390000000000017e-01,7.992540000000000200e-01,3.753699999999999815e-01,7.893580000000000041e-01,1.036590000000000011e-01,2.373969999999999969e-01
4.703970000000000096e-01,3.588870000000000116e-01,7.912400000000000544e-01,3.183440000000000158e-01,8.362549999999999706e-01,8.887299999999999367e-02,2.654139999999999833e-01
4.387840000000000074e-01,3.070550000000000224e-01,7.592370000000000507e-01,3.772130000000000205e-01,8.980470000000000397e-01,1.042949999999999988e-01,2.363190000000000013e-01
4.714909999999999934e-01,3.252079999999999971e-01,7.943480000000000540e-01,3.964079999999999826e-01,8.793299999999999450e-01,9.990100000000000369e-02,2.365319999999999923e-01
4.925740000000000118e-01,2.513940000000000063e-01,5.991119999999999779e-01,3.998809999999999865e-01,8.611159999999999926e-01,1.093770000000000020e-01,3.419420000000000237e-01
4.675650000000000084e-01,3.338200000000000056e-01,7.717359999999999776e-01,3.423470000000000124e-01,8.675270000000000481e-01,1.060620000000000035e-01,2.503719999999999835e-01
5.353830000000000533e-01,5.943599999999999994e-01,6.846619999999999928e-01,5.380220000000000002e-01,7.529420000000000002e-01,1.729009999999999991e-01,1.517270000000000008e-01
4.805849999999999844e-01,3.154529999999999834e-01,7.653520000000000323e-01,3.156180000000000097e-01,8.473239999999999661e-01,9.984999999999999432e-02,2.911239999999999939e-01
4.620299999999999963e-01,3.564550000000000218e-01,8.342920000000000336e-01,2.345210000000000072e-01,8.367400000000000393e-01,8.721900000000000486e-02,2.627950000000000008e-01
4.898980000000000001e-01,3.646969999999999934e-01,7.888840000000000297e-01,3.731949999999999990e-01,8.557240000000000402e-01,9.535599999999999632e-02,2.348739999999999994e-01
4.406300000000000217e-01,3.966600000000000126e-01,7.329350000000000032e-01,3.504439999999999777e-01,8.325190000000000090e-01,6.071100000000000108e-02,2.480360000000000065e-01
5.096190000000000442e-01,4.747160000000000268e-01,7.798659999999999481e-01,1.370129999999999959e-01,7.208059999999999468e-01,2.500499999999999945e-02,3.114029999999999854e-01
4.448210000000000219e-01,3.038649999999999962e-01,7.499559999999999560e-01,2.698249999999999815e-01,8.648850000000000149e-01,9.178000000000000047e-02,2.852439999999999976e-01
9.194029999999999703e-01,6.341660000000000075e-01,6.136960000000000193e-01,1.000000000000000000e+00,7.186430000000000318e-01,2.729070000000000107e-01,5.972299999999999831e-02
5.239219999999999988e-01,4.058479999999999865e-01,8.148499999999999632e-01,2.992909999999999737e-01,8.110829999999999984e-01,8.929199999999999637e-02,2.526999999999999802e-01
4.888859999999999872e-01,3.759830000000000116e-01,7.681869999999999532e-01,2.950530000000000097e-01,8.204979999999999496e-01,9.368700000000000638e-02,2.746379999999999932e-01
5.293039999999999967e-01,3.990330000000000266e-01,8.108360000000000012e-01,2.565919999999999868e-01,7.963489999999999736e-01,8.440499999999999392e-02,2.781290000000000151e-01
4.213270000000000071e-01,2.752499999999999947e-01,7.593259999999999454e-01,3.225029999999999841e-01,8.893029999999999546e-01,9.314000000000000057e-02,2.755480000000000151e-01
4.958949999999999747e-01,3.971259999999999790e-01,7.991500000000000270e-01,2.324160000000000115e-01,8.093150000000000066e-01,8.901900000000000091e-02,2.675640000000000240e-01
4.514290000000000247e-01,4.068979999999999819e-01,7.899589999999999668e-01,2.522070000000000145e-01,8.238159999999999927e-01,9.028500000000000414e-02,2.435120000000000062e-01
4.488409999999999900e-01,3.724549999999999805e-01,7.883609999999999784e-01,3.656510000000000038e-01,8.679339999999999833e-01,1.043739999999999946e-01,2.134780000000000011e-01
4.336030000000000162e-01,5.888109999999999733e-01,0.000000000000000000e+00,7.276719999999999855e-01,6.164539999999999464e-01,0.000000000000000000e+00,3.578040000000000109e-01
5.052429999999999977e-01,3.696380000000000221e-01,7.805839999999999446e-01,4.183609999999999829e-01,8.204209999999999559e-01,8.446900000000000241e-02,2.714880000000000071e-01
8.420539999999999692e-01,7.563159999999999883e-01,4.980160000000000142e-01,5.454170000000000407e-01,4.128879999999999773e-01,1.220450000000000007e-01,4.141980000000000106e-01
6.117820000000000480e-01,5.023389999999999800e-01,7.972259999999999902e-01,2.502579999999999805e-01,6.444269999999999721e-01,1.417799999999999963e-02,3.642420000000000102e-01
4.832949999999999746e-01,4.734610000000000207e-01,8.052820000000000533e-01,2.441659999999999942e-01,7.397679999999999811e-01,1.716900000000000023e-02,2.842470000000000274e-01
5.557720000000000438e-01,4.458619999999999806e-01,8.609999999999999876e-01,3.121920000000000250e-01,7.684290000000000287e-01,8.007799999999999641e-02,2.598590000000000066e-01
6.114070000000000338e-01,4.974779999999999758e-01,8.607970000000000343e-01,2.960599999999999898e-01,7.240750000000000242e-01,8.520600000000000396e-02,2.672069999999999723e-01
5.111919999999999797e-01,4.685819999999999985e-01,7.977539999999999631e-01,2.446949999999999958e-01,7.303429999999999644e-01,2.188599999999999920e-02,2.999319999999999764e-01
4.840189999999999770e-01,4.145300000000000096e-01,7.601390000000000091e-01,2.745139999999999803e-01,7.882869999999999600e-01,8.752799999999999470e-02,2.826219999999999843e-01
6.294699999999999740e-01,5.949429999999999996e-01,8.489929999999999977e-01,5.458699999999999664e-02,5.545250000000000457e-01,1.734300000000000078e-02,3.804170000000000051e-01
6.453529999999999545e-01,5.111839999999999717e-01,8.273460000000000258e-01,6.675300000000000678e-02,5.751469999999999638e-01,1.420000000000000082e-02,4.256750000000000256e-01
3.880540000000000100e-01,4.943730000000000069e-01,0.000000000000000000e+00,6.655250000000000332e-01,6.978820000000000023e-01,2.169600000000000001e-02,3.512179999999999747e-01
5.592070000000000096e-01,4.088910000000000045e-01,7.368879999999999875e-01,2.970960000000000267e-01,7.438970000000000304e-01,9.418799999999999395e-02,3.376620000000000177e-01
6.992350000000000509e-01,6.067299999999999915e-01,8.452889999999999571e-01,1.889210000000000056e-01,5.754160000000000386e-01,3.648599999999999760e-02,3.464010000000000145e-01
1.000000000000000000e+00,3.790500000000000119e-02,0.000000000000000000e+00,5.627780000000000005e-01,4.824970000000000092e-01,9.387399999999999911e-02,7.522309999999999830e-01
5.710319999999999840e-01,3.818630000000000080e-01,8.073479999999999546e-01,1.739209999999999923e-01,6.951749999999999874e-01,2.981299999999999922e-02,4.016429999999999723e-01
5.169749999999999623e-01,6.198010000000000463e-01,4.941400000000000237e-01,3.976319999999999855e-01,6.039409999999999501e-01,0.000000000000000000e+00,3.459260000000000113e-01
5.344619999999999926e-01,4.494110000000000049e-01,8.458579999999999988e-01,2.903459999999999930e-01,7.756889999999999619e-01,8.930200000000000637e-02,2.518759999999999888e-01
4.788370000000000126e-01,7.016919999999999824e-01,1.714150000000000118e-01,4.315660000000000052e-01,4.989489999999999759e-01,0.000000000000000000e+00,4.048809999999999909e-01
5.656820000000000181e-01,4.186270000000000269e-01,8.640700000000000047e-01,3.366299999999999848e-01,7.832900000000000418e-01,8.644399999999999307e-02,2.633280000000000065e-01
6.179519999999999458e-01,4.343429999999999791e-01,7.943900000000000405e-01,1.597040000000000126e-01,6.268120000000000358e-01,1.888899999999999954e-02,4.335809999999999942e-01
5.341240000000000432e-01,4.703829999999999956e-01,7.896609999999999463e-01,3.539370000000000016e-01,7.841679999999999762e-01,1.004239999999999994e-01,2.303739999999999954e-01
4.572620000000000018e-01,2.802890000000000104e-01,7.726809999999999512e-01,3.386739999999999751e-01,8.820339999999999847e-01,8.876000000000000556e-02,2.770509999999999917e-01
4.345959999999999823e-01,3.579539999999999944e-01,7.629369999999999763e-01,2.469129999999999936e-01,8.469309999999999894e-01,9.670299999999999729e-02,2.611780000000000213e-01
4.571000000000000063e-01,3.647199999999999886e-01,7.469289999999999541e-01,2.883539999999999992e-01,8.264280000000000515e-01,8.103799999999999892e-02,2.812580000000000080e-01
4.644099999999999895e-01,3.357789999999999941e-01,7.646269999999999456e-01,3.092759999999999954e-01,8.546489999999999920e-01,8.728600000000000247e-02,2.678789999999999782e-01
4.702899999999999858e-01,3.242650000000000254e-01,8.043770000000000087e-01,2.914889999999999981e-01,8.467059999999999587e-01,9.354400000000000215e-02,2.797740000000000227e-01
4.548730000000000273e-01,4.024550000000000072e-01,7.945980000000000265e-01,2.820869999999999767e-01,8.326350000000000140e-01,8.564199999999999591e-02,2.347499999999999865e-01
6.605579999999999785e-01,6.223910000000000275e-01,8.696430000000000549e-01,1.639400000000000024e-01,5.318249999999999922e-01,0.000000000000000000e+00,3.759950000000000236e-01
4.985800000000000232e-01,4.004829999999999779e-01,7.468470000000000386e-01,3.103380000000000027e-01,7.971049999999999525e-01,9.220899999999999930e-02,2.843530000000000224e-01
5.046599999999999975e-01,1.112520000000000037e-01,4.133379999999999832e-01,3.781189999999999829e-01,7.644170000000000131e-01,7.330499999999999516e-02,5.367939999999999934e-01
6.289559999999999595e-01,5.141630000000000367e-01,8.757770000000000277e-01,3.783860000000000001e-01,7.132619999999999516e-01,8.536499999999999644e-02,2.585810000000000053e-01
5.736299999999999732e-01,3.022509999999999919e-01,0.000000000000000000e+00,1.131410000000000055e-01,3.017059999999999742e-01,9.377999999999999184e-03,8.089359999999999884e-01
5.077990000000000004e-01,3.353280000000000149e-01,7.828899999999999748e-01,3.586010000000000031e-01,8.403760000000000119e-01,8.447999999999999954e-02,2.788149999999999795e-01
4.686480000000000090e-01,3.549550000000000205e-01,7.778850000000000486e-01,2.735480000000000134e-01,8.323549999999999560e-01,1.013239999999999974e-01,2.769550000000000067e-01
5.566860000000000142e-01,4.998980000000000090e-01,2.230820000000000025e-01,3.203440000000000176e-01,5.360660000000000425e-01,5.170600000000000196e-02,5.170949999999999713e-01
3.963650000000000229e-01,6.781589999999999563e-01,0.000000000000000000e+00,4.670889999999999764e-01,6.252020000000000355e-01,0.000000000000000000e+00,2.851130000000000053e-01
4.807839999999999892e-01,3.139259999999999828e-01,7.544229999999999547e-01,2.679210000000000202e-01,8.450100000000000389e-01,9.673900000000000554e-02,2.984040000000000026e-01
5.879680000000000462e-01,3.974320000000000075e-01,7.930549999999999544e-01,1.833269999999999900e-01,6.873700000000000365e-01,3.614400000000000251e-02,4.002620000000000067e-01
4.791690000000000116e-01,4.941169999999999729e-01,5.294729999999999714e-01,2.675170000000000048e-01,6.603679999999999550e-01,0.000000000000000000e+00,3.884159999999999835e-01
3.064069999999999849e-01,6.442729999999999846e-01,0.000000000000000000e+00,6.248829999999999663e-01,6.758469999999999756e-01,0.000000000000000000e+00,2.546019999999999950e-01
6.108329999999999593e-01,4.644320000000000115e-01,8.300680000000000280e-01,1.838400000000000034e-01,6.508620000000000516e-01,2.834000000000000061e-02,3.828550000000000009e-01
4.204709999999999837e-01,6.839699999999999669e-01,0.000000000000000000e+00,4.471970000000000112e-01,6.229780000000000317e-01,0.000000000000000000e+00,2.809749999999999748e-01
6.132030000000000536e-01,5.544320000000000359e-01,2.999859999999999749e-01,4.041919999999999957e-01,5.394109999999999738e-01,6.147799999999999793e-02,4.704010000000000136e-01
4.549239999999999950e-01,3.407600000000000073e-01,7.557730000000000281e-01,3.450019999999999754e-01,8.639449999999999630e-01,6.857599999999999807e-02,2.534120000000000261e-01
5.524210000000000509e-01,3.913429999999999964e-01,8.784389999999999699e-01,2.700529999999999875e-01,7.942780000000000395e-01,9.417999999999999983e-02,2.732289999999999996e-01
4.942179999999999906e-01,5.173550000000000093e-01,7.928969999999999629e-01,3.191919999999999757e-01,7.634030000000000538e-01,7.499699999999999422e-02,2.155630000000000046e-01
5.290479999999999627e-01,4.239049999999999763e-01,8.046689999999999676e-01,3.716670000000000251e-01,8.094729999999999981e-01,1.019329999999999958e-01,2.362879999999999980e-01
8.186480000000000423e-01,9.136130000000000084e-01,4.130980000000000207e-01,3.140060000000000073e-01,3.938619999999999899e-01,4.964199999999999863e-02,3.053049999999999931e-01
4.105240000000000000e-01,6.773209999999999509e-01,0.000000000000000000e+00,5.032489999999999464e-01,6.413210000000000299e-01,0.000000000000000000e+00,2.617059999999999942e-01
4.064459999999999740e-01,6.562510000000000288e-01,0.000000000000000000e+00,5.031369999999999454e-01,6.656579999999999719e-01,0.000000000000000000e+00,2.508119999999999794e-01
8.032550000000000523e-01,4.359649999999999914e-01,0.000000000000000000e+00,8.489050000000000207e-01,7.020870000000000166e-01,1.000000000000000000e+00,1.563009999999999955e-01
5.096870000000000012e-01,3.674560000000000048e-01,7.655830000000000135e-01,4.485739999999999728e-01,8.416749999999999510e-01,1.032980000000000009e-01,2.484200000000000019e-01
3.796340000000000270e-01,6.318629999999999525e-01,0.000000000000000000e+00,6.049560000000000493e-01,6.385950000000000237e-01,0.000000000000000000e+00,3.085370000000000057e-01
5.924660000000000482e-01,4.822600000000000220e-01,7.436420000000000252e-01,2.832479999999999998e-01,7.073509999999999520e-01,9.290900000000000547e-02,3.193460000000000187e-01
3.366270000000000095e-01,2.676729999999999943e-01,0.000000000000000000e+00,3.982200000000000184e-01,6.832960000000000145e-01,5.845600000000000102e-02,5.333809999999999940e-01
3.549910000000000010e-01,2.699550000000000005e-01,6.000910000000000410e-01,1.576790000000000136e-01,8.537339999999999929e-01,5.398399999999999727e-02,3.481360000000000010e-01
3.659600000000000075e-01,6.733209999999999473e-01,0.000000000000000000e+00,5.839109999999999578e-01,6.269289999999999585e-01,0.000000000000000000e+00,2.867000000000000104e-01
5.765289999999999582e-01,5.343609999999999749e-01,8.267550000000000177e-01,2.676609999999999823e-01,6.609129999999999727e-01,9.433999999999999678e-03,3.163170000000000148e-01
3.436910000000000243e-01,5.703719999999999901e-01,0.000000000000000000e+00,4.850809999999999844e-01,7.243939999999999824e-01,0.000000000000000000e+00,2.644710000000000116e-01
5.187329999999999997e-01,3.452419999999999933e-01,7.905680000000000485e-01,3.052860000000000018e-01,8.116689999999999738e-01,9.555900000000000505e-02,3.042790000000000217e-01
5.842789999999999928e-01,4.497800000000000131e-01,7.388559999999999572e-01,2.819659999999999944e-01,7.411579999999999835e-01,9.415700000000000458e-02,3.092909999999999826e-01
5.842359999999999776e-01,4.726799999999999891e-01,4.630870000000000264e-01,4.148009999999999753e-01,6.846360000000000223e-01,8.330700000000000605e-02,3.777639999999999887e-01
7.318090000000000428e-01,6.429059999999999775e-01,7.328860000000000374e-01,5.898489999999999567e-01,7.606650000000000356e-01,2.328409999999999924e-01,4.230400000000000132e-02
2.145170000000000132e-01,4.278589999999999893e-01,0.000000000000000000e+00,7.595599999999999574e-02,6.493729999999999780e-01,0.000000000000000000e+00,4.755579999999999807e-01
3.767550000000000066e-01,2.458559999999999912e-01,5.905780000000000474e-01,2.942150000000000043e-01,8.938599999999999879e-01,8.657299999999999718e-02,3.179290000000000171e-01
4.626609999999999889e-01,3.570130000000000248e-01,6.988820000000000032e-01,2.795639999999999792e-01,8.194289999999999630e-01,9.042600000000000637e-02,3.022810000000000219e-01
4.257090000000000041e-01,3.317300000000000249e-01,7.516810000000000436e-01,3.290529999999999844e-01,8.880879999999999885e-01,1.072690000000000032e-01,2.317869999999999930e-01
7.275270000000000348e-01,5.464250000000000496e-01,6.492639999999999523e-01,2.681999999999999940e-01,4.883910000000000196e-01,1.270600000000000028e-02,4.987320000000000086e-01
8.191260000000000208e-01,5.555520000000000458e-01,7.094240000000000546e-01,1.145179999999999948e-01,3.775919999999999832e-01,1.278100000000000069e-02,5.830400000000000027e-01
3.967589999999999728e-01,3.336500000000000021e-01,7.187999999999999945e-02,3.590220000000000078e-01,6.614529999999999577e-01,2.008700000000000069e-02,5.147469999999999546e-01
4.423259999999999970e-01,3.292749999999999844e-01,7.805180000000000451e-01,2.905789999999999762e-01,8.628440000000000554e-01,8.398700000000000609e-02,2.617510000000000114e-01
1.737849999999999950e-01,1.244600000000000012e-01,0.000000000000000000e+00,2.584719999999999795e-01,1.000000000000000000e+00,4.100679999999999881e-01,2.923049999999999815e-01
4.771039999999999726e-01,5.590340000000000309e-01,0.000000000000000000e+00,7.727460000000000440e-01,6.515279999999999960e-01,1.249199999999999963e-02,3.368680000000000008e-01
6.449540000000000273e-01,5.005690000000000417e-01,1.000000000000000000e+00,2.452020000000000033e-01,6.646790000000000198e-01,9.480000000000000579e-03,3.074279999999999791e-01
4.357809999999999739e-01,2.847879999999999856e-01,7.865550000000000042e-01,3.022059999999999746e-01,8.828780000000000516e-01,9.014700000000000490e-02,2.720060000000000255e-01
4.484119999999999773e-01,3.602650000000000019e-01,7.817269999999999497e-01,3.715809999999999946e-01,8.718139999999999779e-01,1.121570000000000067e-01,2.197340000000000126e-01
4.240590000000000193e-01,3.146999999999999797e-01,7.708580000000000432e-01,3.703440000000000065e-01,9.069779999999999509e-01,1.025329999999999991e-01,2.178160000000000096e-01
4.017069999999999808e-01,5.731300000000000283e-01,0.000000000000000000e+00,5.101759999999999629e-01,7.209959999999999702e-01,0.000000000000000000e+00,2.628010000000000068e-01
4.626319999999999877e-01,2.968359999999999888e-01,7.818370000000000042e-01,3.001539999999999764e-01,8.585190000000000321e-01,9.503499999999999448e-02,2.909169999999999812e-01
5.493000000000000105e-01,4.417229999999999768e-01,0.000000000000000000e+00,3.853460000000000218e-01,4.624260000000000037e-01,5.004299999999999721e-02,6.145140000000000047e-01
4.335350000000000037e-01,3.772499999999999742e-01,7.908129999999999882e-01,2.248920000000000086e-01,8.414819999999999522e-01,8.857900000000000496e-02,2.485519999999999952e-01
4.631430000000000269e-01,4.401539999999999897e-01,8.214820000000000455e-01,2.614770000000000150e-01,8.045099999999999474e-01,9.193199999999999983e-02,2.316320000000000046e-01
4.783910000000000107e-01,3.421569999999999889e-01,7.964369999999999505e-01,3.814190000000000080e-01,8.656129999999999658e-01,9.520499999999999796e-02,2.400349999999999984e-01
6.407690000000000330e-01,5.136910000000000087e-01,8.543060000000000098e-01,1.301720000000000099e-01,5.976169999999999538e-01,2.682999999999999968e-02,3.967990000000000128e-01
4.793819999999999748e-01,3.786200000000000121e-01,7.751019999999999577e-01,3.758489999999999887e-01,8.471360000000000001e-01,1.062209999999999960e-01,2.352509999999999879e-01
4.580750000000000099e-01,3.008819999999999828e-01,8.055809999999999915e-01,2.582720000000000016e-01,8.534110000000000307e-01,9.498600000000000099e-02,2.914149999999999796e-01
6.256310000000000482e-01,5.431749999999999634e-01,7.858439999999999870e-01,3.114850000000000119e-01,6.634820000000000162e-01,8.054100000000000148e-02,3.098119999999999763e-01
6.478800000000000114e-01,5.328619999999999468e-01,7.981840000000000046e-01,3.120899999999999785e-01,6.763559999999999572e-01,1.898000000000000034e-02,3.009780000000000233e-01
3.177949999999999942e-01,3.057270000000000265e-01,0.000000000000000000e+00,4.513190000000000257e-01,7.842109999999999914e-01,1.492600000000000038e-01,4.128129999999999855e-01
4.777150000000000007e-01,4.208990000000000231e-01,7.858030000000000292e-01,3.816379999999999773e-01,8.277269999999999905e-01,9.524900000000000033e-02,2.205370000000000108e-01
5.477429999999999799e-01,3.605309999999999904e-01,8.093759999999999843e-01,3.808279999999999998e-01,8.132800000000000029e-01,9.098799999999999943e-02,2.836569999999999925e-01
5.909450000000000536e-01,5.093100000000000405e-01,8.178090000000000082e-01,4.584909999999999819e-01,7.486960000000000282e-01,1.008949999999999986e-01,2.264720000000000066e-01
6.013460000000000472e-01,5.160860000000000447e-01,5.059090000000000531e-01,3.432870000000000088e-01,6.253429999999999822e-01,7.713000000000000411e-02,4.044619999999999882e-01
5.844719999999999915e-01,7.088560000000000416e-01,8.158389999999999809e-01,4.375539999999999985e-01,6.340059999999999585e-01,2.523200000000000096e-02,1.793349999999999944e-01
5.382980000000000542e-01,4.462189999999999768e-01,8.797430000000000527e-01,2.666859999999999786e-01,7.773870000000000502e-01,9.094700000000000006e-02,2.470829999999999971e-01
4.706060000000000243e-01,4.876469999999999971e-01,7.062420000000000364e-01,4.547350000000000003e-01,9.187589999999999923e-01,2.755520000000000191e-01,0.000000000000000000e+00
6.918020000000000280e-01,6.013389999999999569e-01,8.513530000000000264e-01,1.493109999999999993e-01,5.313510000000000177e-01,0.000000000000000000e+00,3.961189999999999989e-01
6.737800000000000455e-01,5.090700000000000225e-01,0.000000000000000000e+00,3.234049999999999980e-01,2.541700000000000070e-01,2.999399999999999983e-02,7.343640000000000168e-01
4.996419999999999750e-01,4.209550000000000236e-01,8.480910000000000393e-01,2.863890000000000047e-01,8.049429999999999641e-01,8.125899999999999790e-02,2.418460000000000054e-01
5.008230000000000182e-01,4.374080000000000190e-01,7.476070000000000215e-01,2.957859999999999934e-01,7.658949999999999925e-01,8.135100000000000664e-02,2.905639999999999890e-01
4.675949999999999829e-01,3.256310000000000038e-01,7.844700000000000006e-01,3.152719999999999967e-01,8.454519999999999813e-01,9.664699999999999680e-02,2.823499999999999899e-01
3.299710000000000143e-01,7.009440000000000115e-01,0.000000000000000000e+00,5.763120000000000465e-01,6.360259999999999803e-01,0.000000000000000000e+00,2.517750000000000266e-01
5.095939999999999914e-01,3.177180000000000004e-01,4.076069999999999971e-01,4.687629999999999852e-01,7.539759999999999796e-01,9.378000000000000225e-02,4.198239999999999750e-01
5.689880000000000493e-01,6.829899999999999860e-01,8.303319999999999590e-01,0.000000000000000000e+00,5.420779999999999488e-01,4.712000000000000043e-03,3.254639999999999755e-01
5.555999999999999828e-01,4.180749999999999744e-01,8.322239999999999638e-01,3.091889999999999916e-01,7.819469999999999477e-01,9.106799999999999617e-02,2.725529999999999897e-01
4.188060000000000116e-01,3.327999999999999708e-02,0.000000000000000000e+00,1.400329999999999908e-01,4.628149999999999764e-01,0.000000000000000000e+00,8.169729999999999492e-01
6.432419999999999805e-01,4.763979999999999881e-01,8.591569999999999485e-01,1.785779999999999867e-01,6.411520000000000552e-01,3.631600000000000106e-02,3.789759999999999796e-01
3.693060000000000231e-01,6.572440000000000504e-01,0.000000000000000000e+00,6.167089999999999517e-01,6.332470000000000043e-01,0.000000000000000000e+00,2.914789999999999881e-01
7.708289999999999864e-01,4.257980000000000098e-01,0.000000000000000000e+00,8.400950000000000362e-01,7.148679999999999479e-01,9.971470000000000056e-01,1.516720000000000013e-01
4.393250000000000210e-01,0.000000000000000000e+00,0.000000000000000000e+00,1.344329999999999969e-01,4.420510000000000272e-01,0.000000000000000000e+00,8.437249999999999472e-01
6.294699999999999740e-01,5.949429999999999996e-01,8.489929999999999977e-01,5.458699999999999664e-02,5.545250000000000457e-01,1.734300000000000078e-02,3.804170000000000051e-01
4.319379999999999886e-01,3.237900000000000222e-01,7.666520000000000001e-01,2.516050000000000231e-01,8.575460000000000305e-01,8.701699999999999713e-02,2.763100000000000001e-01
5.369399999999999729e-01,3.449949999999999961e-01,8.109840000000000382e-01,2.845670000000000144e-01,8.173820000000000530e-01,9.719099999999999961e-02,2.948509999999999742e-01
4.833029999999999826e-01,4.339160000000000239e-01,7.817140000000000200e-01,2.862500000000000044e-01,8.068699999999999761e-01,1.062219999999999970e-01,2.397680000000000089e-01
3.963740000000000041e-01,6.907699999999999951e-01,0.000000000000000000e+00,6.569340000000000179e-01,5.965650000000000119e-01,7.752000000000000210e-03,2.996240000000000014e-01
4.973929999999999740e-01,3.552330000000000210e-01,7.958180000000000254e-01,2.896580000000000266e-01,8.215130000000000488e-01,8.757500000000000007e-02,2.857469999999999732e-01
4.169289999999999941e-01,3.712250000000000272e-01,7.467129999999999601e-01,3.821899999999999742e-01,8.359240000000000004e-01,1.087399999999999999e-02,2.617240000000000122e-01
6.952350000000000474e-01,5.634550000000000392e-01,8.246390000000000109e-01,1.275390000000000135e-01,5.555849999999999955e-01,3.161999999999999880e-03,4.057000000000000051e-01
4.871449999999999947e-01,6.010290000000000354e-01,0.000000000000000000e+00,4.560190000000000077e-01,7.975410000000000554e-01,2.200620000000000076e-01,9.220399999999999430e-02
5.896949999999999692e-01,5.614430000000000254e-01,7.943980000000000485e-01,3.252459999999999796e-01,6.887849999999999806e-01,8.815199999999999425e-02,2.635839999999999850e-01
4.240349999999999953e-01,5.029120000000000257e-01,3.899650000000000061e-01,4.448159999999999892e-01,7.514849999999999586e-01,0.000000000000000000e+00,2.872140000000000248e-01
6.924489999999999812e-01,6.353010000000000046e-01,8.605150000000000299e-01,1.827209999999999945e-01,5.510099999999999998e-01,2.378399999999999959e-02,3.469010000000000149e-01
4.851940000000000142e-01,3.384030000000000094e-01,7.655309999999999615e-01,2.978100000000000191e-01,8.521320000000000006e-01,9.363100000000000589e-02,2.687760000000000149e-01
4.265059999999999962e-01,6.812999999999999612e-03,3.733870000000000244e-01,3.749330000000000163e-01,8.165940000000000420e-01,8.984200000000000519e-02,5.485430000000000028e-01
3.338720000000000021e-01,5.936749999999999527e-01,0.000000000000000000e+00,7.757600000000000606e-02,4.908870000000000178e-01,0.000000000000000000e+00,5.055910000000000126e-01
4.796480000000000188e-01,3.644979999999999887e-01,7.705940000000000012e-01,3.548819999999999752e-01,8.540459999999999718e-01,9.371200000000000363e-02,2.414679999999999882e-01
5.069569999999999910e-01,4.371010000000000173e-01,7.701329999999999565e-01,3.678560000000000163e-01,8.029420000000000446e-01,1.048820000000000030e-01,2.395110000000000017e-01
6.085610000000000186e-01,4.732629999999999892e-01,7.474269999999999525e-01,4.047149999999999914e-01,7.148550000000000182e-01,8.994800000000000018e-02,3.119330000000000158e-01
4.642180000000000195e-01,5.964420000000000277e-01,0.000000000000000000e+00,2.099419999999999897e-01,4.419339999999999935e-01,1.553500000000000020e-02,5.426090000000000080e-01
4.807580000000000187e-01,3.070629999999999749e-01,7.786309999999999620e-01,3.126780000000000115e-01,8.458740000000000148e-01,8.893900000000000416e-02,2.975169999999999759e-01
3.847760000000000069e-01,5.528560000000000141e-01,0.000000000000000000e+00,5.284119999999999928e-01,7.203150000000000386e-01,0.000000000000000000e+00,2.794960000000000222e-01
4.988339999999999996e-01,3.268429999999999946e-01,7.977619999999999711e-01,2.985030000000000183e-01,8.325470000000000370e-01,9.223699999999999954e-02,2.945220000000000060e-01
4.790179999999999993e-01,4.340060000000000029e-01,6.310609999999999831e-01,2.678139999999999965e-01,7.556300000000000239e-01,8.579000000000000514e-02,3.224879999999999969e-01
4.997369999999999868e-01,4.075489999999999946e-01,7.871489999999999876e-01,3.256180000000000185e-01,7.969490000000000185e-01,8.759200000000000319e-02,2.714400000000000146e-01
5.165429999999999744e-01,4.295530000000000181e-01,0.000000000000000000e+00,3.311990000000000212e-01,4.447789999999999799e-01,5.156700000000000172e-02,6.371219999999999661e-01
6.116270000000000318e-01,4.705440000000000178e-01,7.738009999999999611e-01,3.200640000000000152e-01,7.013329999999999842e-01,8.675599999999999978e-02,3.289099999999999802e-01
4.625759999999999872e-01,3.931549999999999767e-01,6.170809999999999906e-01,2.971480000000000232e-01,7.874430000000000041e-01,7.945000000000000673e-02,3.205520000000000036e-01
5.308890000000000553e-01,5.419880000000000253e-01,5.276199999999999779e-01,3.800250000000000017e-01,6.335070000000000423e-01,0.000000000000000000e+00,3.745829999999999993e-01
3.963929999999999954e-01,5.840349999999999708e-01,0.000000000000000000e+00,7.018050000000000122e-01,6.555769999999999653e-01,6.204000000000000313e-03,3.224279999999999924e-01
4.505239999999999800e-01,5.502470000000000416e-01,0.000000000000000000e+00,5.342010000000000369e-01,5.275670000000000082e-01,0.000000000000000000e+00,4.859530000000000238e-01
5.592840000000000034e-01,3.789250000000000118e-01,8.015160000000000062e-01,2.312430000000000041e-01,7.581909999999999483e-01,1.005240000000000022e-01,3.372249999999999970e-01
4.455589999999999828e-01,3.597790000000000155e-01,7.859490000000000087e-01,3.625490000000000101e-01,8.678770000000000095e-01,1.074600000000000000e-01,2.249770000000000103e-01
4.353230000000000155e-01,3.972490000000000188e-01,7.566979999999999817e-01,3.383269999999999889e-01,8.552610000000000490e-01,9.491199999999999637e-02,2.153190000000000104e-01
4.428210000000000202e-01,2.775909999999999767e-01,7.635549999999999837e-01,4.694280000000000119e-01,9.137239999999999807e-01,9.805899999999999339e-02,2.353520000000000056e-01
4.754490000000000105e-01,3.491790000000000171e-01,7.788770000000000415e-01,3.963659999999999961e-01,8.682339999999999502e-01,9.989199999999999469e-02,2.328629999999999867e-01
5.272270000000000012e-01,4.284729999999999928e-01,7.823480000000000434e-01,3.955230000000000135e-01,8.027379999999999516e-01,1.066089999999999954e-01,2.433319999999999927e-01
5.079120000000000301e-01,3.975750000000000117e-01,7.426190000000000291e-01,2.655989999999999740e-01,7.818460000000000409e-01,8.910400000000000265e-02,3.062070000000000070e-01
5.917080000000000117e-01,4.752890000000000170e-01,7.575180000000000247e-01,3.709020000000000095e-01,7.162760000000000238e-01,9.140199999999999714e-02,3.090220000000000189e-01
4.770490000000000008e-01,3.340509999999999868e-01,7.652200000000000113e-01,2.797580000000000067e-01,8.456200000000000383e-01,9.515300000000000147e-02,2.801799999999999846e-01
5.735860000000000403e-01,4.406390000000000029e-01,7.603170000000000206e-01,3.428539999999999921e-01,7.600789999999999491e-01,8.019700000000000439e-02,2.900400000000000200e-01
4.790460000000000274e-01,4.267259999999999942e-01,7.700350000000000250e-01,2.560839999999999783e-01,7.911099999999999799e-01,7.803699999999999526e-02,2.688789999999999791e-01
3.568399999999999905e-01,5.430009999999999559e-01,0.000000000000000000e+00,7.369090000000000362e-01,6.916600000000000525e-01,6.178999999999999597e-03,3.154680000000000262e-01
4.563189999999999746e-01,4.494340000000000002e-01,7.799709999999999699e-01,3.718400000000000039e-01,8.185639999999999583e-01,6.078599999999999975e-02,2.093339999999999923e-01
4.402530000000000054e-01,3.200770000000000004e-01,7.759220000000000006e-01,2.785839999999999983e-01,8.696540000000000381e-01,9.018400000000000027e-02,2.624440000000000106e-01
4.955550000000000233e-01,4.387349999999999861e-01,7.496819999999999595e-01,2.777749999999999941e-01,7.912510000000000376e-01,9.228600000000000692e-02,2.606169999999999876e-01
5.152729999999999810e-01,3.460529999999999995e-01,7.776020000000000154e-01,5.481350000000000389e-01,8.636239999999999473e-01,1.081310000000000049e-01,2.303530000000000022e-01
4.597870000000000013e-01,5.174790000000000223e-01,7.736459999999999448e-01,2.855449999999999933e-01,7.611409999999999565e-01,5.768800000000000316e-02,2.239819999999999867e-01
4.429589999999999916e-01,2.975679999999999992e-01,6.317110000000000225e-01,4.216530000000000000e-01,8.848639999999999839e-01,1.135889999999999955e-01,2.764650000000000163e-01
4.859189999999999898e-01,5.486480000000000246e-01,4.816989999999999883e-01,4.081500000000000128e-01,6.567159999999999664e-01,0.000000000000000000e+00,3.488879999999999759e-01
